epoch,training accuracy,training loss,training error,validation accuracy,validation loss,validation error,learning rate,time,test accuracy,test loss,test error
1,0.0764,4.0553,1.9323,0.1084,4.2842,1.9346,0.0100000,6328,,,
2,0.0546,4.1784,1.9469,0.0540,4.3645,1.9535,0.0100000,12341,,,
3,0.0586,4.2207,1.9511,0.0561,4.3575,1.9553,0.0100000,18443,,,
4,0.0549,4.1623,1.9532,0.0540,4.3588,1.9555,0.0100000,24772,,,
5,0.0530,4.0792,1.9464,0.0630,4.3568,1.9550,0.0100000,30714,,,
6,0.0561,4.5514,1.9610,0.0628,4.3557,1.9559,0.0100000,36476,,,
7,0.0587,4.5059,1.9610,0.0561,4.3539,1.9567,0.0100000,41897,,,
8,0.0553,4.5692,1.9587,0.0569,4.3580,1.9543,0.0100000,47608,,,
9,0.0568,4.1743,1.9488,0.0571,4.3531,1.9539,0.0100000,61280,,,
