epoch,training accuracy,training loss,training error,validation accuracy,validation loss,validation error,learning rate,time,test accuracy,test loss,test error
1,0.0863,3.6194,1.8473,0.0799,3.9655,1.8576,0.0100000,21234,,,
2,0.1751,3.6775,1.8292,0.2039,3.2239,1.8404,0.0100000,33797,,,
3,0.1634,3.1986,1.8260,0.1968,3.2397,1.8328,0.0100000,46259,,,
4,0.1769,3.3408,1.8891,0.1937,3.2279,1.8218,0.0100000,58265,,,
